{
  "name": "d3",
  "version": "3.5.3",
  "main": "d3.js",
  "scripts": [
    "d3.js"
  ],
  "ignore": [
    ".DS_Store",
    ".git",
    ".gitignore",
    ".npmignore",
    ".spmignore",
    ".travis.yml",
    "Makefile",
    "bin",
    "component.json",
    "composer.json",
    "index.js",
    "lib",
    "node_modules",
    "package.json",
    "src",
    "test"
  ],
  "homepage": "https://github.com/mbostock/d3",
  "_release": "3.5.3",
  "_resolution": {
    "type": "version",
    "tag": "v3.5.3",
    "commit": "ac59002a6229317a684743f26c3b4b55fc25b569"
  },
  "_source": "git://github.com/mbostock/d3.git",
  "_target": "~3.5.3",
  "_originalSource": "d3",
  "_direct": true
}