{
  "name": "leaflet",
  "version": "0.7.3",
  "description": "JavaScript library for mobile-friendly interactive maps",
  "main": [
    "dist/leaflet.js",
    "dist/leaflet.css",
    "dist/leaflet-src.js",
    "dist/images/layers-2x.png",
    "dist/images/layers.png",
    "dist/images/marker-icon-2x.png",
    "dist/images/marker-icon.png",
    "dist/images/marker-shadow.png"
  ],
  "ignore": [
    ".*",
    "CHANGELOG.json",
    "FAQ.md",
    "debug",
    "spec",
    "src",
    "build"
  ],
  "homepage": "https://github.com/Leaflet/Leaflet",
  "_release": "0.7.3",
  "_resolution": {
    "type": "version",
    "tag": "v0.7.3",
    "commit": "8a5fdfc6e3db2807b8f0dd617474e4ab2949142b"
  },
  "_source": "git://github.com/Leaflet/Leaflet.git",
  "_target": "~0.7.3",
  "_originalSource": "leaflet"
}