{
  "name": "leaflet-providers",
  "version": "1.0.27",
  "homepage": "https://github.com/leaflet-extras/leaflet-providers",
  "description": "An extension to Leaflet that contains configurations for various free tile providers.",
  "dependencies": {
    "leaflet": "~0.7.3"
  },
  "main": "leaflet-providers.js",
  "keywords": [
    "leaflet",
    "stamen",
    "osm"
  ],
  "license": "BSD-2-Clause",
  "ignore": [
    "**/.*",
    "node_modules",
    "bower_components",
    "test",
    "tests",
    "preview",
    "*.html"
  ],
  "_release": "1.0.27",
  "_resolution": {
    "type": "version",
    "tag": "1.0.27",
    "commit": "cd61a578f5fc77c0ef65270a9069c80fb59907a5"
  },
  "_source": "git://github.com/leaflet-extras/leaflet-providers.git",
  "_target": "~1.0.27",
  "_originalSource": "leaflet-providers",
  "_direct": true
}